{
  "Okavango Delta": {
    "lat": -19.1540047,
    "lng": 22.9800936
  },
  "Milos Greece": {
    "lat": 36.709344,
    "lng": 24.5068338
  },
  "Avant Mar Paros": {
    "lat": 37.1225059,
    "lng": 25.2323586
  },
  "Electra Metropolis Athens": {
    "lat": 37.9751863,
    "lng": 23.7321504
  },
  "Moab, Utah": {
    "lat": 38.5738096,
    "lng": -109.546214
  },
  "Wellington, New Zealand": {
    "lat": -41.2887953,
    "lng": 174.7772114
  },
  "Santorini Greece": {
    "lat": 36.4071112,
    "lng": 25.4566637
  },
  "Naxos Greece": {
    "lat": 37.0600105,
    "lng": 25.4707567
  },
  "Delos Greece": {
    "lat": 37.39089,
    "lng": 25.2717388
  },
  "Mykonos Greece": {
    "lat": 37.4513936,
    "lng": 25.3923149
  },
  "Cordoba, Spain": {
    "lat": 37.8845813,
    "lng": -4.7760138
  },
  "Granada, Spain": {
    "lat": 37.1734995,
    "lng": -3.5995337
  },
  "Malaga, Spain": {
    "lat": 36.7213028,
    "lng": -4.4216366
  },
  "Ronda, Spain": {
    "lat": 36.7421339,
    "lng": -5.1665916
  },
  "Seville, Spain": {
    "lat": 37.3886303,
    "lng": -5.9953403
  },
  "Madrid, Spain": {
    "lat": 40.416782,
    "lng": -3.703507
  },
  ", Spain": {
    "lat": 39.3260685,
    "lng": -4.8379791
  },
  "Antequera, Spain": {
    "lat": 37.0183652,
    "lng": -4.5596649
  },
  "Setenil de las Bodegas, Spain": {
    "lat": 36.8621836,
    "lng": -5.1787
  },
  "Zahara de la Sierra, Spain": {
    "lat": 36.8405841,
    "lng": -5.3905374
  },
  "Cape Town, South Africa": {
    "lat": -33.9288301,
    "lng": 18.4172197
  },
  "Victoria Falls, Zimbabwe": {
    "lat": -17.922895,
    "lng": 25.8476849
  },
  "Sable Alley, Botswana": {
    "lat": -19.1273473,
    "lng": 23.6616635
  },
  "North Island, Botswana": {
    "lat": -20.8824694,
    "lng": 25.8147308
  },
  "Franschhoek, South Africa": {
    "lat": -33.909167,
    "lng": 19.119444
  }
}